categories,terms
Publication and Communication,dissemination
Publication and Communication,doi
Publication and Communication,journal
Publication and Communication,manuscript
Publication and Communication,peer reviewed
Publication and Communication,persistent identifier
Publication and Communication,preprint
Publication and Communication,publication
Publication and Communication,publication data
Publication and Communication,published
Publication and Communication,publisher
Publication and Communication,research output
Publication and Communication,research product
Publication and Communication,research result
Publication and Communication,scholarly
Publication and Communication,scholarly publication
Publication and Communication,scientific publication
Policy and Governance,compliance
Policy and Governance,coordination
Policy and Governance,fair principle
Policy and Governance,governance
Policy and Governance,management plan
Policy and Governance,management practice
Policy and Governance,monitoring
Policy and Governance,open license
Policy and Governance,openness
Policy and Governance,policy
Policy and Governance,research integrity
Policy and Governance,rigor
Infrastructure and Architecture,api
Infrastructure and Architecture,architecture
Infrastructure and Architecture,cloud
Infrastructure and Architecture,compute
Infrastructure and Architecture,enterprise
Infrastructure and Architecture,framework
Infrastructure and Architecture,hardware
Infrastructure and Architecture,infrastructure
Infrastructure and Architecture,open science infrastructure
Infrastructure and Architecture,pipeline
Infrastructure and Architecture,platform
Infrastructure and Architecture,science infrastructure
Infrastructure and Architecture,service
Infrastructure and Architecture,storage
Infrastructure and Architecture,system
Data Analysis and Development,analysis
Data Analysis and Development,collection
Data Analysis and Development,develop
Data Analysis and Development,developer
Data Analysis and Development,documentation
Data Analysis and Development,implementation
Data Analysis and Development,innovation
Data Analysis and Development,interoperability
Data Analysis and Development,open source
Data Analysis and Development,product
Data Analysis and Development,research development
Data Analysis and Development,scientific software
Data Analysis and Development,software
Data Analysis and Development,sustainability
Data Analysis and Development,workflow
Data Access and Management,access
Data Access and Management,access control
Data Access and Management,access data
Data Access and Management,access policy
Data Access and Management,access protocol
Data Access and Management,access result
Data Access and Management,access scientific
Data Access and Management,accessibility
Data Access and Management,accessible
Data Access and Management,confidentiality
Data Access and Management,controlled access
Data Access and Management,curation
Data Access and Management,data
Data Access and Management,data citation
Data Access and Management,data access
Data Access and Management,data common
Data Access and Management,data curation
Data Access and Management,data governance
Data Access and Management,data ingestion
Data Access and Management,data management
Data Access and Management,data management plan
Data Access and Management,data mining
Data Access and Management,data preservation
Data Access and Management,data product
Data Access and Management,data repository
Data Access and Management,data resource
Data Access and Management,data science
Data Access and Management,data set
Data Access and Management,data sharing
Data Access and Management,data source
Data Access and Management,data standard
Data Access and Management,data storage
Data Access and Management,data tool
Data Access and Management,datasets
Data Access and Management,deposit
Data Access and Management,digital data
Data Access and Management,digital object
Data Access and Management,digital repository
Data Access and Management,discoverability
Data Access and Management,fair data
Data Access and Management,identifier
Data Access and Management,metadata
Data Access and Management,open access
Data Access and Management,open data
Data Access and Management,pid
Data Access and Management,preservation
Data Access and Management,privacy
Data Access and Management,repository
Data Access and Management,research data
Data Access and Management,reuse
Data Access and Management,scientific data
Data Access and Management,security
Data Access and Management,share
Data Access and Management,standard
Data Access and Management,standardized
Collaboration and Community,agency
Collaboration and Community,collaborative
Collaboration and Community,commercial
Collaboration and Community,community
Collaboration and Community,contractor
Collaboration and Community,data consumer
Collaboration and Community,data scientist
Collaboration and Community,industry
Collaboration and Community,institution
Collaboration and Community,interagency
Collaboration and Community,open science
Collaboration and Community,organization
Collaboration and Community,private-sector
Collaboration and Community,public access
Collaboration and Community,publicly accessible
Collaboration and Community,publicly available
Collaboration and Community,reproducibility
Collaboration and Community,scientific community
Collaboration and Community,scientist
Collaboration and Community,stakeholder
Collaboration and Community,stewardship
Collaboration and Community,usability
Collaboration and Community,use case
Collaboration and Community,user
Collaboration and Community,user group
